filename,captcha_value
captcha_434.png,682XX
captcha_1266.png,84ng7
captcha_1830.png,24y7b
captcha_1662.png,pcree
captcha_1959.png,87gcw
captcha_1930.png,63r7h
captcha_1259.png,cw8pn
captcha_301.png,3me76
captcha_1496.png,3a56x
captcha_1735.png,adf2g
captcha_253.png,bbkbf
captcha_352.png,menbp
captcha_1903.png,erben
captcha_1497.png,gwd4e
captcha_1511.png,m4wgc
captcha_219.png,h8ptbd
captcha_1904.png,82cef
captcha_436.png,ef7x3
captcha_1551.png,5npak
captcha_402.png,dapecx
captcha_1474.png,gyrd6
captcha_1763.png,hp78e
captcha_1869.png,hc83b
captcha_1320.png,3k5h6
captcha_1987.png,f8g52
captcha_1289.png,3ffa8
captcha_105.png,yy5x5
captcha_1533.png,wk37m
captcha_1601.png,ppwy4
captcha_1578.png,xk37e
captcha_1018.png,dwc6x
captcha_1095.png,8pfdlh
captcha_446.png,5bh8y
captcha_1632.png,dx7m8
captcha_1431.png,ewyk7
captcha_157.png,3nweh
captcha_1277.png,ybey7
captcha_1955.png,gkhx4
captcha_241.png,ma5bc
captcha_1442.png,gamph
captcha_1842.png,h2blhw
captcha_1736.png,myggk
captcha_1645.png,p8axf
captcha_1759.png,4bnny
captcha_1313.png,n2m87
captcha_1816.png,36e22
captcha_1812.png,d53ak
captcha_1529.png,n54pc
captcha_378.png,eke55
captcha_1070.png,q46dn
captcha_381.png,5gkxrm
captcha_1984.png,kwkg8
captcha_1977.png,krwe4
captcha_1175.png,4wc58
captcha_1370.png,xe2b6
captcha_1099.png,587ng
captcha_278.png,hehxm
captcha_390.png,2a58y
captcha_1781.png,5aphd
captcha_416.png,8brbe
captcha_411.png,xmcf5f
captcha_1854.png,xy4dp
captcha_1594.png,2pceb
captcha_1156.png,qk8r4
captcha_1211.png,mrddl3
captcha_1446.png,46er5
captcha_1801.png,aadeb
captcha_1622.png,fy3fm
captcha_315.png,b7nyy
captcha_20.png,7r4dw
captcha_1894.png,4gnym
captcha_227.png,xnma5
captcha_1492.png,n8hrh
captcha_268.png,pgd4m
captcha_45.png,gp8nr
captcha_1825.png,afnf4
captcha_1724.png,5kcnc
captcha_1648.png,m3854
captcha_1206.png,tpmflbo
captcha_450.png,dg74x
captcha_288.png,4r38x
captcha_1661.png,63xr7
captcha_1394.png,5c7fx
captcha_1600.png,3d75f
captcha_1609.png,pxw7e
captcha_283.png,k68nw
captcha_1241.png,hh5c6
captcha_1332.png,nnpke
captcha_1972.png,66egp
captcha_1048.png,5ylbw8
captcha_1643.png,byrwk
captcha_1734.png,aw55
captcha_1557.png,dpkm5
captcha_362.png,k4kcx
captcha_1436.png,gpwyn
captcha_1926.png,y8ehk
captcha_1720.png,rxnea
captcha_167.png,38fa3
captcha_1075.png,cholm4
captcha_271.png,nywd3
captcha_1109.png,6bm25
captcha_397.png,ynarf
captcha_1283.png,4r2xk
captcha_1393.png,dpr2w
captcha_1278.png,g32rr
captcha_1342.png,37fm4
captcha_1944.png,k5xxlb
captcha_447.png,7eZrg
captcha_1693.png,eldnap
captcha_330.png,3pm6x
captcha_1327.png,wrwgx
captcha_153.png,7gx4a
captcha_1113.png,qdlx36
captcha_1970.png,2knfc
captcha_1503.png,rrmhp
captcha_1552.png,24nfa
captcha_1583.png,fcp73
captcha_1198.png,re5d2
captcha_110.png,hkr8w
captcha_1480.png,nnelfm
captcha_429.png,xhynx
captcha_1155.png,dg7e7
captcha_1385.png,ga8w7
captcha_1514.png,n76wy
captcha_307.png,ek7mn
captcha_1803.png,g47ax
captcha_1832.png,wk67a
captcha_256.png,fa2kr
captcha_1025.png,hra2g
captcha_1188.png,p2kwe
captcha_433.png,xr2px
captcha_258.png,75ydww
captcha_1641.png,dexyn
captcha_1731.png,p2y2p
captcha_1761.png,pmy5c
captcha_1168.png,7pge3
captcha_1982.png,dc7fc
captcha_1338.png,c4ncr
captcha_1314.png,yb25c
captcha_1372.png,6deg6b
captcha_209.png,rdhh7
captcha_1040.png,hec86
captcha_1138.png,kw4plb
captcha_1274.png,y4me2
captcha_358.png,7gkxxa
captcha_1414.png,5bwda
captcha_1989.png,43ryg
captcha_164.png,nybw5
captcha_331.png,d4kb8
captcha_1766.png,3c8wa
captcha_190.png,qrc36
captcha_444.png,my8wh
captcha_251.png,hcр3p
captcha_1889.png,fmf2x
captcha_1774.png,wnkg5
captcha_1647.png,y4amf
captcha_1995.png,y5kх6
captcha_449.png,d4728
captcha_1913.png,65fny
captcha_1664.png,fd6p3
captcha_1469.png,6enp2
captcha_25.png,drdgr
captcha_1656.png,ycf88
captcha_1217.png,rqfm2
captcha_1368.png,2fc83
captcha_1390.png,s4fmc
captcha_1818.png,e8zb8
captcha_214.png,a67df
captcha_396.png,8hg34
captcha_1406.png,67gak
captcha_355.png,5ff8k
captcha_182.png,6g3fd
captcha_1046.png,6whwX
captcha_196.png,hc7am
captcha_128.png,6debr
captcha_1730.png,yklbrc
captcha_1097.png,pf3gp
captcha_1792.png,3rnwxa
captcha_1306.png,2mmed
captcha_1530.png,a3fmk
captcha_395.png,ar7ch
captcha_415.png,K65dw
captcha_1265.png,76abd
captcha_1377.png,x8h2m
captcha_1870.png,5ffww
captcha_1555.png,a3nef
captcha_1256.png,4pwpm
captcha_409.png,h6bcy
captcha_322.png,6p54f
captcha_1111.png,a6fgy
captcha_1838.png,hhpma
captcha_1443.png,cpem6
captcha_1973.png,p6cp2
captcha_1325.png,442nw
captcha_1151.png,6k6k4
captcha_1879.png,rrrprw
captcha_1303.png,r4d5y
captcha_1353.png,edghh
captcha_1187.png,5fhd2
captcha_252.png,y4867
captcha_1124.png,3h6bf
captcha_392.png,pwhe5
captcha_192.png,wyhmf
captcha_1335.png,b7mxe
captcha_1369.png,ad553
captcha_1178.png,wdp2c
captcha_284.png,aaakw
captcha_1612.png,xde5w
captcha_1878.png,7ghbcc
captcha_1753.png,6762x
captcha_1006.png,a3fne
captcha_1130.png,xfd88
captcha_1413.png,2ffnr
captcha_1252.png,h5866
captcha_1267.png,6474w
captcha_1488.png,4tp4nh
captcha_1260.png,x2dkb
captcha_1475.png,ylbcna
captcha_1848.png,x73gk
captcha_282.png,3pfca
captcha_1428.png,ym7gn
captcha_1460.png,drhgg
captcha_1297.png,gc6ee
captcha_211.png,pfxfd
captcha_1843.png,ykbx4
captcha_299.png,3d62r
captcha_208.png,eenh7
captcha_112.png,xehee
captcha_1898.png,m8cbe
captcha_1786.png,b22xa
captcha_270.png,by53w
captcha_1522.png,n45xx
captcha_1929.png,4eyw6
captcha_1608.png,a6r5y
captcha_1528.png,amn4e
captcha_1140.png,eymeh
captcha_291.png,g75wg
captcha_407.png,6r8xe
captcha_184.png,2g5p4
captcha_1573.png,y4epn
captcha_441.png,bbhhd
captcha_1388.png,whgaw
captcha_1435.png,4nhg6
captcha_1932.png,mnmc6
captcha_1624.png,5kdmr
captcha_1845.png,Xwc87
captcha_1909.png,mk5f5
captcha_1754.png,86hfb
captcha_1084.png,a5mne
captcha_452.png,yke4m
captcha_324.png,gxy58
captcha_1682.png,aya63
captcha_1483.png,bbrge
captcha_1139.png,canfx
captcha_1493.png,56358
captcha_1512.png,3354g
captcha_138.png,2hkddl
captcha_1685.png,3yem6
captcha_135.png,bffdix
captcha_1703.png,awe7r
captcha_1705.png,hedk6
captcha_289.png,dm8mn
captcha_1509.png,na5e3
captcha_1872.png,kaffr
captcha_336.png,é2wpn
captcha_1276.png,ee386
captcha_189.png,bdwmm
captcha_1502.png,cr6bg
captcha_242.png,keax6
captcha_1852.png,ere6m
captcha_1638.png,deeb8
captcha_1923.png,newa8
captcha_1315.png,x6bcc
captcha_111.png,nc4w6
captcha_1159.png,meodw
captcha_1257.png,peax5
captcha_413.png,5he4b
captcha_247.png,8k3ca
captcha_1263.png,ayd2m
captcha_420.png,y3mp8
captcha_313.png,n52e5
captcha_1893.png,w7gx7
captcha_1381.png,5dlbfa
captcha_276.png,afnxc
captcha_1210.png,mmw5a
captcha_1077.png,6h4nd
captcha_1737.png,ép4ab
captcha_181.png,arbg3
captcha_244.png,gn3r2
captcha_1523.png,r46a6
captcha_367.png,yk2dk
captcha_422.png,2cycx
captcha_1847.png,chxw5
captcha_3.png,d8k8e
captcha_1699.png,eb56g
captcha_126.png,54rw5
captcha_1255.png,r2xmw
captcha_1666.png,3faay
captcha_394.png,be8m
captcha_1473.png,e6367
captcha_1715.png,nndlpg
captcha_1238.png,b3ebod
captcha_1293.png,g2xar
captcha_1311.png,c82bg
captcha_1400.png,p6rgk
captcha_1050.png,nhyd2
captcha_1363.png,yponx2
captcha_1886.png,by7gg
captcha_389.png,g27w6
captcha_1742.png,cpyr8
captcha_1856.png,23cea
captcha_1799.png,n6byk
captcha_1849.png,fr772
captcha_1727.png,xc5ge
captcha_1839.png,h5bfm
captcha_1920.png,436bc
captcha_1299.png,5m257
captcha_1389.png,8a8w3
captcha_160.png,pen8n
captcha_379.png,acp7h
captcha_451.png,2hyne
captcha_1571.png,x8mwge
captcha_1688.png,2758p
captcha_249.png,he8k7
captcha_1921.png,kyaxp
captcha_369.png,gm77b
captcha_1745.png,nkcph
captcha_295.png,de5k2
captcha_1357.png,c8fa3
captcha_1410.png,a6fwg
captcha_1798.png,fww3n
captcha_1508.png,wwkbr
captcha_1294.png,xr77r
captcha_1089.png,xm53f
captcha_1285.png,gdf2e
captcha_431.png,dar2c
captcha_1072.png,p3x6r
captcha_1114.png,wr8gp
captcha_1867.png,d3g5h
captcha_1008.png,7Awm54
captcha_1521.png,lpkrrd
captcha_1152.png,ekhyn
captcha_303.png,aax4y
captcha_356.png,bxcdla
captcha_1232.png,y7krd
captcha_1649.png,edm6d
captcha_1939.png,fn7ff
captcha_1653.png,8mwpe
captcha_374.png,x55dlh
captcha_1888.png,h8a5a
captcha_1298.png,ck74b
captcha_1318.png,7p6fa
captcha_1122.png,274w8
captcha_1341.png,4e73e
captcha_1261.png,3cege6
captcha_225.png,5mm4b
captcha_1487.png,7w8bh
captcha_1125.png,af82a
captcha_1669.png,waawn
captcha_230.png,ggmfk
captcha_1540.png,7plomb5
captcha_1123.png,e74gp
captcha_305.png,dy282
captcha_1975.png,m5p5g
captcha_120.png,pb7n6
captcha_1500.png,x77abh
captcha_1245.png,lycea
captcha_129.png,5nr3k
captcha_375.png,8mh3p
captcha_1367.png,p7rr8
captcha_1291.png,kpm77
captcha_35.png,a2fmk
captcha_1268.png,pbx3a
captcha_1700.png,yfa6m
captcha_1971.png,kne5n
captcha_370.png,4yaeb
captcha_37.png,5857b
captcha_205.png,5r37w
captcha_445.png,5f72c
captcha_1451.png,7nnkm
captcha_1603.png,c6edxy
captcha_100.png,bfklbf
captcha_1593.png,qlwdldf
captcha_1419.png,wn2wx
captcha_1288.png,7w22e
captcha_1001.png,adexp
captcha_1927.png,6grbh
captcha_1823.png,mfk8y
captcha_1032.png,floffx
captcha_1216.png,yfdne
captcha_1120.png,kkkbc3
captcha_1550.png,p64hc
captcha_1991.png,fabrc
captcha_1536.png,fdlbk6
captcha_231.png,23rwd
captcha_347.png,affrg
captcha_1836.png,nfwx
captcha_338.png,bkmbr
captcha_401.png,xh5glb
captcha_1337.png,n4xyk
captcha_1281.png,q66de
captcha_1397.png,nexaz3
captcha_1286.png,fyyx5
captcha_1639.png,ewh4y
captcha_1629.png,7pkdlm
captcha_1380.png,gkca7
captcha_1708.png,berd2
captcha_1960.png,2mwd4
captcha_228.png,4ye63
captcha_1495.png,fnmf3
captcha_1202.png,7mar2
captcha_1565.png,3npf8
captcha_1642.png,55bm8
captcha_1778.png,b5c8w
captcha_1548.png,k24cw
captcha_1057.png,eeb52
captcha_1996.png,bnwey
captcha_1785.png,lp36g5
captcha_1189.png,wz8p25
captcha_1817.png,k4g6f
captcha_1620.png,y3pda
captcha_1481.png,nfrmhd
captcha_1567.png,kfmhe
captcha_1525.png,ykyw4
captcha_1074.png,hmyb5
captcha_333.png,3f6f7
captcha_1811.png,x3a7a
captcha_1726.png,cpkw5
captcha_1524.png,37xfd
captcha_334.png,46eb7
captcha_183.png,gwX26
captcha_377.png,wkcdy
captcha_1808.png,nelmxn
captcha_1244.png,refa6
captcha_1900.png,a2wkm
captcha_1324.png,bwfflb
captcha_10.png,xrfpd
captcha_1002.png,npmke
captcha_1279.png,nd4a3
captcha_248.png,re24m
captcha_1744.png,fcpff
captcha_442.png,rh4cy
captcha_1192.png,5w3hb
captcha_1543.png,mp7kg
captcha_1021.png,pa2ha
captcha_264.png,f868a
captcha_1687.png,e4xeb
captcha_1537.png,h722m
captcha_1597.png,m75cd
captcha_1807.png,bgery
captcha_332.png,5dyab
captcha_1229.png,gdehlx
captcha_102.png,n3xga
captcha_1300.png,g8n7p
captcha_1513.png,c7xbbx
captcha_104.png,8hhcp
captcha_1094.png,b3n5lo
captcha_1312.png,b3yyr
captcha_1047.png,xykwd
captcha_1728.png,2mk52
captcha_1190.png,nehkg
captcha_1106.png,p6d3d
captcha_169.png,f5g6x
captcha_1584.png,kxcb2
captcha_1062.png,c6y8h
captcha_188.png,5gkfn
captcha_1942.png,x86mw
captcha_1038.png,mge7b
captcha_439.png,h7bk8
captcha_147.png,4a8kb
captcha_292.png,8gdad
captcha_1897.png,brkflk
captcha_163.png,xhapr
captcha_1479.png,a2rdlr
captcha_1541.png,dm2fn
captcha_1417.png,cyh53
captcha_388.png,kn2aw
captcha_279.png,qw53e
captcha_426.png,gg2yc
captcha_1051.png,5b2p4
captcha_1080.png,k7daf
captcha_1559.png,5dkaw
captcha_1173.png,2m2gy
captcha_1250.png,3xp36
captcha_1321.png,8qpyc
captcha_1466.png,2gamm
captcha_1795.png,486aa
captcha_161.png,c4xnr
captcha_1162.png,k88em
captcha_1098.png,gdlykn
captcha_1866.png,8gmh6
captcha_1725.png,2gwk4
captcha_1182.png,m85b3
captcha_1769.png,y564d
captcha_1044.png,xa465
captcha_149.png,cr4yh
captcha_1951.png,23eea
captcha_1928.png,ew8ny
captcha_1678.png,2bp8y
captcha_1599.png,2kbab
captcha_1163.png,hky45
captcha_1121.png,3mpf
captcha_1771.png,5wgd3
captcha_107.png,6cfr7
captcha_223.png,85bxf
captcha_1093.png,7ecny
captcha_1486.png,6yfce5
captcha_1588.png,gfpm6
captcha_1430.png,2wx2h
captcha_1147.png,xxb4g
captcha_1221.png,fdcrp
captcha_1275.png,acabx
captcha_140.png,ccbrw
captcha_1718.png,a4fy
captcha_13.png,bxknb
captcha_1085.png,5wmp6
captcha_1701.png,3rry2
captcha_1748.png,brb23
captcha_1090.png,p7pwx
captcha_139.png,d26bed
captcha_320.png,ebmd4
captcha_326.png,2g2f3
captcha_1696.png,37W28
captcha_341.png,h3bcee
captcha_1270.png,737w5
captcha_328.png,7bkeb
captcha_233.png,dy3yh
captcha_1348.png,ebgfih
captcha_121.png,ace3p
captcha_250.png,p53Ww
captcha_1871.png,ax864
captcha_1273.png,x2why
captcha_1103.png,gxp6y
captcha_309.png,yayf4
captcha_1604.png,ybp6r
captcha_1222.png,n5ellhy
captcha_349.png,n8h2k
captcha_1911.png,c6afx
captcha_1061.png,4wwee
captcha_1082.png,hhfnc
captcha_1670.png,37c5k
captcha_1027.png,èhanx
captcha_1931.png,m373c
captcha_1401.png,828xr
captcha_14.png,wf678
captcha_1702.png,err8e
captcha_1966.png,fde24
captcha_1796.png,6ee8e
captcha_1831.png,27rmb
captcha_1067.png,47p3f
captcha_1073.png,87d2g
captcha_195.png,7r3ky
captcha_1071.png,hn78f
captcha_141.png,gegfx
captcha_1607.png,7m2g2
captcha_344.png,bxfn7
captcha_1906.png,fdnmd
captcha_1391.png,2xxpx
captcha_1579.png,7c3x6
captcha_1717.png,3w3ga
captcha_207.png,bkf7a
captcha_1362.png,yceae
captcha_300.png,64tbdn
captcha_1740.png,py8p7
captcha_1787.png,g3y76
captcha_1092.png,w3bmp
captcha_1547.png,23xyg
captcha_1829.png,q2dlfx
captcha_1850.png,67mdr
captcha_1947.png,7klhg3
captcha_1053.png,wflofn
captcha_1251.png,mpp3d
captcha_1802.png,afk2w
captcha_1212.png,phwbf
captcha_12.png,5mehf
captcha_1129.png,xdmge
captcha_376.png,x8y7y
captcha_1334.png,mbxcf
captcha_1104.png,dyer6
captcha_33.png,wra3r
captcha_1223.png,k6bdlh
captcha_412.png,3b25x
captcha_1005.png,gunwny
captcha_1402.png,87ym4
captcha_1636.png,n3hm3
captcha_1228.png,w2yrk
captcha_1532.png,rp6wh
captcha_1349.png,rx4ge
captcha_1760.png,n35ag
captcha_212.png,fbp3x
captcha_150.png,84kaw
captcha_1412.png,rgd4c
captcha_165.png,3rm2c
captcha_361.png,pppmk
captcha_1128.png,ackr4
captcha_145.png,56kgd
captcha_193.png,7hb23
captcha_364.png,a88wf
captcha_1657.png,kfr6b
captcha_1484.png,f633f
captcha_1158.png,ca33e
captcha_414.png,7py48
captcha_1626.png,xdylpb
captcha_454.png,acex6
captcha_1853.png,hbfba
captcha_1952.png,ad47y
captcha_1712.png,7x8rx
captcha_453.png,rbd23
captcha_1003.png,fnefh
captcha_36.png,rxh26
captcha_16.png,celg2w
captcha_1980.png,ap33d
captcha_132.png,rd23y
captcha_1821.png,f7xk6
captcha_1295.png,rfwnp
captcha_456.png,8n3fe
captcha_197.png,7h2g8
captcha_1945.png,8xn6w
captcha_1230.png,6ae33
captcha_1993.png,62wpf
captcha_1333.png,72323
captcha_423.png,dreeh
captcha_1733.png,a7hk8
captcha_1126.png,gkr5b
captcha_1471.png,5dghm
captcha_1961.png,k5ee3
captcha_18.png,h67mc
captcha_1949.png,hk5hc
captcha_399.png,58pee
captcha_1395.png,8feh5
captcha_1477.png,38y3x
captcha_1924.png,gbap5
captcha_1201.png,7gwak
captcha_1876.png,ahzke
captcha_1203.png,kg237
captcha_280.png,2m54y
captcha_296.png,q7p5n
captcha_119.png,rd22d
captcha_1069.png,np437
captcha_1131.png,nc3Bkw
captcha_443.png,ph6fa
captcha_1602.png,e25h3
captcha_1976.png,ede3p
captcha_1865.png,x2pgpo
captcha_236.png,xg5wn
captcha_1118.png,fgbyd
captcha_1938.png,3mkm3
captcha_1366.png,nd7em
captcha_1916.png,wa75w
captcha_1455.png,adwelk
captcha_327.png,whpen
captcha_1452.png,aghac
captcha_1822.png,mn6fa
captcha_1310.png,hpaw5
captcha_1346.png,y272w
captcha_0.png,8f3dk
captcha_1322.png,b8flof
captcha_391.png,c3w4d
captcha_1426.png,pbd54
captcha_281.png,3hp2c
captcha_1049.png,pb2gf
captcha_1572.png,7r8yd
captcha_302.png,wakg5
captcha_1857.png,42xak
captcha_1967.png,pcl5r2
captcha_1153.png,wpn77
captcha_1403.png,88grg
captcha_1110.png,nnr3d
captcha_1814.png,d8m8p
captcha_1476.png,gr35b
captcha_1640.png,h4b4g
captcha_1079.png,ypxxd
captcha_418.png,263dm
captcha_1161.png,anycd
captcha_180.png,a4d46
captcha_1706.png,mcpcf
captcha_1371.png,pk5yd
captcha_1224.png,d843m
captcha_106.png,frfpg
captcha_1721.png,x3hf6
captcha_1116.png,hkfd2
captcha_1269.png,dgg8e
captcha_1880.png,6hcke
captcha_1292.png,x3dn6
captcha_430.png,phgyf
captcha_1941.png,n4bex
captcha_1448.png,gedgw
captcha_1875.png,5phr4
captcha_1326.png,hyy7g
captcha_1444.png,bpaf4
captcha_373.png,5r5x8
captcha_1302.png,25cxd
captcha_1378.png,axfnm
captcha_1146.png,qpfe2
captcha_1022.png,4kma2
captcha_1463.png,e75gk
captcha_1172.png,7ye52
captcha_1772.png,x32mx
captcha_343.png,nkdB3y
captcha_342.png,w27hm
captcha_1150.png,2wmam
captcha_1868.png,aemrh
captcha_1586.png,5nery
captcha_1154.png,aybxx
captcha_1465.png,wf3b4
captcha_224.png,fcn55
captcha_408.png,bmnya
captcha_1440.png,7rdhc
captcha_1063.png,aabb6
captcha_257.png,nhpk7
captcha_1527.png,rmk3k
captcha_1674.png,adc8y
captcha_1590.png,anbcg
captcha_1757.png,fyngw
captcha_1209.png,ndm28
captcha_1658.png,f3ym7
captcha_1191.png,wby83
captcha_1144.png,6eba6
captcha_1117.png,qwmnk
captcha_1935.png,hkhkrk
captcha_19.png,4d8da
captcha_235.png,c43a3
captcha_1165.png,a35ka
captcha_1034.png,ek5ca
captcha_1621.png,hel3mp
captcha_1096.png,7pw8lb
captcha_1031.png,k3ee5
captcha_151.png,2py5e
captcha_240.png,a354h
captcha_269.png,xrxhc
captcha_410.png,p4npy
captcha_1433.png,eg3e4
captcha_142.png,2x6x4
captcha_1019.png,ar738
captcha_34.png,nym2h
captcha_1981.png,pb2y4
captcha_1059.png,axd4m
captcha_267.png,33gdd
captcha_1328.png,k6ar7
captcha_1453.png,ey4rp
captcha_1764.png,22k4w
captcha_31.png,nm642
captcha_1343.png,875n3
captcha_166.png,ebb2n
captcha_1644.png,rmhpbb
captcha_321.png,22wa5
captcha_1407.png,d4yp5
captcha_1236.png,43dlba
captcha_1065.png,rdomk4
captcha_1207.png,6aarr
captcha_1399.png,kpbkm
captcha_1354.png,nk8r3
captcha_1936.png,n6n46
captcha_1157.png,xybxa
captcha_1013.png,kw7xa
captcha_306.png,wqp2b
captcha_351.png,6ckw2
captcha_1305.png,yp4f2
captcha_1837.png,gaxb6
captcha_1790.png,pha6c
captcha_1534.png,ggdlfe
captcha_1052.png,a4g6f
captcha_263.png,eyx8r
captcha_1243.png,fr224
captcha_22.png,kweya
captcha_1784.png,rm7ep
captcha_1948.png,b6e52
captcha_383.png,wgg5h
captcha_1249.png,88g3lb
captcha_198.png,2kprx
captcha_1623.png,f44px
captcha_133.png,wyy7f
captcha_360.png,dkw5f
captcha_103.png,kn4ca
captcha_1660.png,4y72d
captcha_32.png,rrg4m
captcha_1595.png,3bp2k
captcha_1997.png,b8ge2
captcha_335.png,8dfcp
captcha_1491.png,ya2r6
captcha_206.png,5cf36
captcha_1618.png,xg56f
captcha_1663.png,cpdy6
captcha_1170.png,5cw5g
captcha_1826.png,kmek3
captcha_1409.png,fywyn
captcha_1780.png,geayh
captcha_1352.png,7f7h3
captcha_1606.png,ybh46
captcha_1683.png,pebrw
captcha_44.png,nd26k
captcha_1654.png,2e86b
captcha_1376.png,kwwa4
captcha_1336.png,h3m32
captcha_137.png,mbc4g
captcha_1064.png,pw5w4
captcha_38.png,qlywxx
captcha_1990.png,gpdre
captcha_1449.png,gamx8
captcha_1741.png,3hcpm
captcha_1174.png,nyr7g
captcha_372.png,7p8hc
captcha_1553.png,q8pxh
captcha_1100.png,gc3hf
captcha_1374.png,yddcg
captcha_154.png,mxcbf
captcha_1828.png,4fdpn
captcha_1542.png,8dlkb7
captcha_406.png,x55ra
captcha_1078.png,yh2hn
captcha_1762.png,n836c
captcha_1968.png,28axm
captcha_405.png,6r6dc
captcha_1677.png,kdayc
captcha_1447.png,npybf
captcha_1998.png,7bf7d
captcha_41.png,xlophf
captcha_202.png,y3rm6
captcha_200.png,cny7n
captcha_1007.png,7ddkc
captcha_1355.png,8fw32
captcha_1254.png,4h22f
captcha_1499.png,5mc3a
captcha_1035.png,76y6w
captcha_1756.png,ddly2a
captcha_1149.png,a42wb
captcha_1373.png,866mp
captcha_1517.png,r867y
captcha_175.png,ae6rf
captcha_1239.png,6cxef
captcha_1957.png,4pwglb
captcha_1382.png,8pggw
captcha_162.png,cg88x
captcha_30.png,6xbyy
captcha_274.png,5xbb8d
captcha_1489.png,prmmp
captcha_380.png,hn37h
captcha_1605.png,bfeffr
captcha_1619.png,bfxxe
captcha_1815.png,xk56b
captcha_312.png,b5k2w
captcha_1765.png,ybr28
captcha_432.png,hp8y7
captcha_1141.png,3n4a6
captcha_1804.png,wamyb
captcha_203.png,4c5b6
captcha_123.png,n7xh8
captcha_1983.png,ecgxc
captcha_130.png,4y6c5
captcha_384.png,ryb87
captcha_1010.png,a8n5k
captcha_1462.png,3r84f
captcha_1290.png,33egg
captcha_1690.png,ny3mr
captcha_1545.png,7fwtb8
captcha_310.png,8fehr
captcha_459.png,fmayd
captcha_1905.png,yby28
captcha_1813.png,radhk
captcha_1199.png,7ba3w
captcha_116.png,d4a4w
captcha_1933.png,wpk8c
captcha_1087.png,hwyyk
captcha_1751.png,3b855
captcha_1680.png,w85ed
captcha_1468.png,dc5g4
captcha_1684.png,gm62m
captcha_1017.png,xx5mg
captcha_1319.png,czlore
captcha_1659.png,7mbc6
captcha_371.png,5hgmh
captcha_417.png,p3e7g
captcha_1549.png,e76k7
captcha_273.png,6dwac
captcha_1304.png,af5re
captcha_1387.png,akb2k
captcha_1424.png,wflbfa
captcha_1194.png,fa37e
captcha_1819.png,hx8f3
captcha_1181.png,c4y74
captcha_40.png,c4e4w
captcha_191.png,mx52
captcha_425.png,e6ma4
captcha_226.png,8c73y
captcha_1081.png,wew5k
captcha_1907.png,8hwr8
captcha_1625.png,8yfn2
captcha_1896.png,pg6hn
captcha_1136.png,825dd
captcha_298.png,hw7y3
captcha_458.png,r7dlm7
captcha_1709.png,5p8bk
captcha_1520.png,bgp3n
captcha_1631.png,bk3kb
captcha_261.png,c6aa3
captcha_1437.png,x6ahp
captcha_1501.png,mcp8m
captcha_172.png,w8gk8
captcha_146.png,gm77b
captcha_1569.png,7pfdb
captcha_323.png,f2dgc
captcha_171.png,8kfyw
captcha_1102.png,pp7ef
captcha_1665.png,5ecwc
captcha_1746.png,78am
captcha_1105.png,3378h
captcha_159.png,m7x4a
captcha_1570.png,7mfbox
captcha_1330.png,65gwd
captcha_124.png,d8m3y
captcha_1589.png,fpw7p
captcha_1840.png,d8gf4
captcha_1739.png,g5fgw
captcha_1779.png,problem
captcha_1039.png,kmex
captcha_29.png,lplbwwc
captcha_1891.png,7delxm
captcha_1788.png,berdm
captcha_1695.png,y32x5
captcha_1000.png,h2xw3
captcha_1902.png,3xg7y
captcha_1235.png,254xk
captcha_2.png,r8kba
captcha_350.png,xhabry
captcha_1398.png,m8442
captcha_1901.png,p6mrx
captcha_1752.png,yanak
captcha_325.png,55wke
captcha_1272.png,48587
captcha_1992.png,ye2n5
captcha_1280.png,rdexg
captcha_1132.png,kwdlg8
captcha_1515.png,2247c
captcha_1042.png,fepcf
captcha_199.png,26rbc
captcha_1652.png,bmxyvw
captcha_1749.png,rbdkm
captcha_1421.png,e3p5b
captcha_1873.png,ywych
captcha_1587.png,ya277
captcha_1358.png,8d8cf
captcha_1459.png,h8nrb
captcha_1287.png,brmbm
captcha_1014.png,nfhgr
captcha_1614.png,ewke7
captcha_1029.png,k55kf
captcha_1810.png,bex43
captcha_1743.png,86d53
captcha_329.png,3k8yb
captcha_1365.png,g7balo
captcha_1827.png,g6fhb
captcha_1482.png,22b2r
captcha_1681.png,bxh4m
captcha_1956.png,bx53b
captcha_1219.png,hyrx7
captcha_1704.png,n4eyb
captcha_1439.png,m36e6
captcha_1137.png,3a4y6
captcha_1864.png,3kdya
captcha_1767.png,c2mf6
captcha_1561.png,pmw64
captcha_1615.png,hp2gp
captcha_1510.png,27ne3
captcha_400.png,34br6
captcha_1012.png,rdblpy
captcha_1112.png,a3rhm
captcha_1833.png,kne7f
captcha_1881.png,en646
captcha_435.png,e7cc4
captcha_117.png,2h485
captcha_1892.png,x827e
captcha_43.png,yard5
captcha_1544.png,77h6x
captcha_1160.png,lormga
captcha_127.png,qtydlbf
captcha_1445.png,yh6dg
captcha_290.png,knx2w
captcha_259.png,y45xp
captcha_243.png,6y7rk
captcha_1464.png,ffwrf
captcha_1962.png,3f3ar
captcha_1427.png,6me8g
captcha_114.png,fhgj7n
captcha_1011.png,5axmd
captcha_1965.png,xrbwc
captcha_1490.png,wdk54
captcha_1591.png,ykd48
captcha_234.png,wmr6h
captcha_1917.png,pgk8w
captcha_26.png,ey8e7
captcha_1862.png,x7efa
captcha_386.png,gdfc4
captcha_1253.png,mnlom2
captcha_1716.png,7a4hf
captcha_1200.png,5fw2x
captcha_1020.png,xp5mr
captcha_1392.png,e36bbb
captcha_424.png,4n3my
captcha_1204.png,bb4mk
captcha_1030.png,egxh2
captcha_1673.png,wXy2w
captcha_1940.png,xnr3e
captcha_1420.png,ygw5x
captcha_28.png,pxhcc
captcha_438.png,a23p4
captcha_1617.png,pfg8e
captcha_359.png,x8ya3
captcha_1574.png,f7mxn
captcha_293.png,hfC3k
captcha_255.png,mynxp
captcha_345.png,c2wlbg
captcha_1719.png,7dl55b
captcha_1142.png,76apd
captcha_186.png,645wX
captcha_1738.png,fh7h2
captcha_272.png,bp66c
captcha_1789.png,kbwg5
captcha_1820.png,hmbd6
captcha_1135.png,4wpa2
captcha_354.png,ca2gk
captcha_1457.png,csbfk
captcha_221.png,c3f78
captcha_260.png,f3yh4
captcha_1091.png,eagc2
captcha_1526.png,my5dlm
captcha_318.png,5mem5
captcha_229.png,c2g8e
captcha_1045.png,kryf3
captcha_1134.png,8mfpx
captcha_1361.png,mxdxa
captcha_421.png,xwwwkw
captcha_1185.png,8bkhe
captcha_393.png,8n85w
captcha_21.png,qtwe25
captcha_1004.png,wkgrx
captcha_1912.png,any3h
captcha_1954.png,mxfhk
captcha_1405.png,yxnr7
captcha_1226.png,pk3xp
captcha_1805.png,32rrp
captcha_304.png,db65y
captcha_1791.png,b86fn
captcha_39.png,dfcc5
captcha_156.png,bydfr
captcha_1309.png,kapmk
captcha_286.png,b8w38
captcha_1234.png,33mfy
captcha_1133.png,bngbp
captcha_1423.png,8e2m6
captcha_1575.png,hpkmy
captcha_448.png,y7mdn
captcha_387.png,552ec
captcha_1494.png,6da7r
captcha_1834.png,xbe5p
captcha_1438.png,rwcab
captcha_339.png,pkg4a
captcha_254.png,erfwf
captcha_113.png,mhfce
captcha_1360.png,a7e6d
captcha_1858.png,y333f
captcha_382.png,c33hp
captcha_1592.png,8xxbd
captcha_1415.png,ar32r
captcha_1166.png,5c263
captcha_232.png,4dlba3
captcha_1546.png,qhkxx3
captcha_1127.png,ncrfa
captcha_1675.png,ebmxlb
captcha_1882.png,hxc6k
captcha_1176.png,wk25w
captcha_1794.png,6b83f
captcha_125.png,434cp
captcha_1262.png,dlbr6e
captcha_346.png,xf4x5
captcha_1359.png,xghhk
captcha_1108.png,hwccc
captcha_287.png,rgh2g
captcha_1180.png,bdlpef
captcha_1750.png,wwwwhh8
captcha_122.png,pm853
captcha_398.png,p2682
captcha_385.png,ew3d7
captcha_238.png,hy4hb
captcha_1344.png,ekaf3
captcha_1768.png,n75hd
captcha_1196.png,qbrh3
captcha_1576.png,h8b2x
captcha_1.png,2hfyx
captcha_11.png,nfd68
captcha_1627.png,hc5km
captcha_437.png,d15ywm
captcha_1855.png,gw3xd
captcha_311.png,cnep3
captcha_337.png,ed3n2
captcha_1396.png,6der8
captcha_222.png,fm3nd
captcha_1596.png,65e82
captcha_353.png,ebfem
captcha_1284.png,f6y3w
captcha_1582.png,y8rpp
captcha_1637.png,h8833
captcha_1874.png,3rkdl6
captcha_1563.png,mfwf8
captcha_1568.png,33fxa
captcha_428.png,n7arx
captcha_363.png,n7naw
captcha_1714.png,dmnd6
captcha_158.png,233dm
captcha_1910.png,p8my4
captcha_15.png,6glb6a
captcha_1611.png,8n5x7
captcha_1518.png,pw3d2
captcha_1999.png,f7m26
captcha_265.png,a6m8m
captcha_1470.png,lp3ma8
captcha_1953.png,7abfcx
captcha_1485.png,aw264
captcha_275.png,5wmlbm
captcha_1672.png,fhy2k
captcha_366.png,c8d3h
captcha_1434.png,4pxnd
captcha_1083.png,g8kfg
captcha_1918.png,bkepc
captcha_1505.png,4w8hp
captcha_1667.png,2f63w
captcha_1776.png,y6fae
captcha_1800.png,dhcfp
captcha_1934.png,wma2c
captcha_1184.png,6khfn
captcha_1351.png,crfam
captcha_1713.png,bbgca
captcha_1782.png,wr3a4
captcha_1356.png,efy7c
captcha_1689.png,5k2flo
captcha_357.png,rrdemb
captcha_317.png,fhwyy8
captcha_1925.png,nyw8d
captcha_1577.png,wZxkc
captcha_155.png,fb7dx
captcha_1863.png,cgnpr
captcha_1651.png,yn6pa
captcha_1613.png,wb86e
captcha_1086.png,yk6d6
captcha_1722.png,62lbmn
captcha_1364.png,yxk8r
captcha_1450.png,pyf5k
captcha_1964.png,6r3ph
captcha_1950.png,5ykwd
captcha_1835.png,g4myd
captcha_170.png,yc2ae
captcha_1179.png,5rmf6
captcha_1119.png,32a7y
captcha_1946.png,wapec
captcha_1033.png,7k86y
captcha_1915.png,c6446
captcha_1205.png,rem72
captcha_1339.png,h4h4g
captcha_1258.png,e6bff
captcha_1375.png,a455a
captcha_1350.png,hc2n7
captcha_1531.png,66b5n
captcha_246.png,p85bd
captcha_1978.png,x2a5y
captcha_1581.png,bra33
captcha_237.png,5grx2
captcha_1467.png,elrdm2
captcha_1055.png,m5pwg
captcha_101.png,nwe5h
captcha_262.png,clr44p
captcha_1958.png,hepke
captcha_1441.png,p6y6x
captcha_134.png,4ak6x
captcha_1167.png,dprm2
captcha_1686.png,k72pn
captcha_1193.png,3bhxx
captcha_1710.png,8bfk5
captcha_1969.png,waxfd
captcha_179.png,ampk4
captcha_1301.png,2d8pr
captcha_1646.png,566xk
captcha_1264.png,knhyb
captcha_1914.png,wk38h
captcha_348.png,fnp7lb
captcha_1408.png,mgytbm
captcha_457.png,en4yx
captcha_1732.png,55ccde
captcha_1240.png,88k3w
captcha_1895.png,8k78c
captcha_118.png,78WX6
captcha_1143.png,b43ck
captcha_1655.png,3cnxa
captcha_136.png,cy88m
captcha_1630.png,7agde
captcha_216.png,dry4w
captcha_1507.png,edf4p
captcha_1919.png,2n7rm
captcha_1922.png,dlwmbg
captcha_1994.png,qwh2c
captcha_1183.png,8ce7d
captcha_1028.png,h8mk
captcha_1697.png,ygb3d
captcha_1456.png,xc76g
captcha_440.png,gp73d
captcha_108.png,3h5ya
captcha_1806.png,rh5fp
captcha_1506.png,wwpkf
captcha_1698.png,8pyrf
captcha_1215.png,5ey6y
captcha_1009.png,43k7a
captcha_1282.png,y2re5
captcha_1539.png,87e44
captcha_1347.png,xrpwvy
captcha_368.png,bkb6n
captcha_1148.png,6blhxk
captcha_1755.png,yyemf
captcha_1015.png,r6pae
captcha_1580.png,hrxcx
captcha_239.png,3ypm
captcha_1747.png,75wxа
captcha_340.png,b5hgj8
captcha_1504.png,y837f
captcha_427.png,bbap2
captcha_1616.png,3gfrx
captcha_1860.png,8ayck
captcha_1169.png,e2b8h
captcha_1877.png,bc553
captcha_1628.png,6xgaw
captcha_1458.png,k6dpn
captcha_1974.png,yepmp
captcha_1425.png,xb5gd
captcha_177.png,mwara
captcha_1671.png,k467e
captcha_1225.png,w6xk4
captcha_1016.png,p6er3
captcha_403.png,6xa5e
captcha_1411.png,y45wk
captcha_266.png,pgxnh
captcha_1247.png,xdlbey
captcha_1859.png,khlomd
captcha_294.png,4h7xw
captcha_1345.png,mf6fx
captcha_1723.png,bxaxx
captcha_1307.png,bed35
captcha_1691.png,awmmb
captcha_4.png,3e65d
captcha_1115.png,467bh
captcha_1783.png,w8mf
captcha_210.png,r47n7
captcha_1076.png,4yfef
captcha_1296.png,m4dhg
captcha_314.png,w576k
captcha_1418.png,m8aw2
captcha_1107.png,gww55
captcha_194.png,nbpf7
captcha_1986.png,y8bdw
captcha_217.png,5cwem
captcha_365.png,gn2x8
captcha_1773.png,phhaf
captcha_213.png,xyhkr
